DATE,sr_NBP,CPI,RB,WN,ZT,PP,PPI,IB,BR,SPD,EURPLN,USDPLN,CHFPLN,WIG20,WIG,WIBOR 3M
01/01/2001,19,7.399,-348,9.929451014,-2.538071066,10.7,4.7,6.6,15.7,-99,3.797,4.08,2.4696,1772.1,17602.9,18.87
01/02/2001,19,6.629,-434,7.725974768,-2.389014296,0,4.1,6.1,15.9,-99,3.7197,4.0375,2.4113,1490.33,15471.5,18.29
01/03/2001,17,6.214,-897,7.869099305,-2.599849284,3.3,3.8,5.8,16.1,-99,3.5945,4.0903,2.3485,1375.89,14698.9,17.37
01/04/2001,17,6.638,-781,5.238843875,-2.735332956,3.8,3.4,6,16,-99,3.5216,3.9618,2.2842,1441.03,15269,17.15
01/05/2001,17,6.943,-658,8.828234253,-2.966742252,-0.4,2.3,6.5,15.9,-99,3.3723,3.9824,2.2187,1467.89,15630.3,17.16
01/06/2001,15.5,6.225,-1150,4.8510522,-3.282465816,-4.7,0.9,6.4,15.9,-99,3.4059,4.0069,2.235,1271.22,13945.4,16.09
01/07/2001,15.5,5.179,-616,8.005207438,-3.544461897,1.5,0.6,5.8,16,-99,3.7302,4.2558,2.4643,1173.53,13126.7,15.49
01/08/2001,14.5,5.084,-148,6.885826138,-3.737431227,0.9,1,5.6,16.2,-99,3.8634,4.239,2.5486,1138.84,12802.1,15.18
01/09/2001,14.5,4.331,66,6.188736347,-3.984819734,-3.7,0.7,4.9,16.3,-99,3.8469,4.2283,2.6056,1022.62,11890.6,14.56
01/10/2001,13,4.001,-672,7.834180815,-4.366456212,1.8,-0.5,4.7,16.4,-99,3.6805,4.0908,2.5014,1236.38,13736.2,13.84
01/11/2001,11.5,3.605,-536,6.573167627,-4.326281685,-1,-1,4.5,16.8,-99,3.6422,4.0659,2.4752,1252.05,14036.1,12.45
01/12/2001,11.5,3.551,-520,5.275900805,-4.750913637,-4.8,-0.4,4.3,17.5,-99,3.5272,3.9623,2.3849,1208.34,13922.2,11.91
01/01/2002,10,3.415,-463,5.725152105,-4.706790123,-1.4,0,3.9,18.1,-99,3.5814,4.1732,2.4248,1445.23,16062.8,10.64
01/02/2002,10,3.467,-598,5.505299025,-4.972056273,0.2,0.2,4,18.2,-99,3.6708,4.2247,2.4895,1367.84,15278.6,10.22
01/03/2002,10,3.261,-863,4.795428848,-4.758220503,-3.1,0.3,3.7,18.2,-99,3.5879,4.1183,2.4466,1339.05,15026.4,10.34
01/04/2002,9.5,3.012,-731,2.339638252,-4.829325058,0.3,0.4,3.6,17.9,-99,3.5914,3.9918,2.4666,1321.33,15122.1,10.1
01/05/2002,9,1.868,-670,4.224290944,-4.654333009,-4.2,0.5,2.7,17.3,-99,3.7465,4.0177,2.5584,1369.37,15643,9.6
01/06/2002,8.5,1.559,-509,3.891660926,-4.354618239,2.1,1.2,2.6,17.4,-99,4.018,4.0537,2.7363,1216.35,14192.9,8.97
01/07/2002,8.5,1.295,-620,4.111894474,-4.198548166,5.7,1.7,2.4,17.5,-99,4.0791,4.1743,2.8081,1067.3,12907.6,8.69
01/08/2002,8,1.233,-48,2.750854083,-3.902246748,-1.1,1.3,2.3,17.5,-99,4.0538,4.1277,2.756,1124.03,13433.8,8.33
01/09/2002,7.5,1.299,-138,3.804649275,-3.873517787,6.6,1.1,2.4,17.6,-99,4.0944,4.1466,2.808,1044.89,12797.3,7.73
01/10/2002,7,1.1,-359,0.495080278,-3.44964314,3.2,1.7,1.9,17.5,-99,3.9907,4.0306,2.727,1179.39,14093.2,7.02
01/11/2002,6.75,0.9,-267,1.780269798,-3.147410359,3.1,1.7,1.7,17.8,-99,3.9906,4.0147,2.7056,1219,14662.9,6.76
01/12/2002,6.75,0.8,-667,2.356402909,-2.2819063,5.2,2.2,1.5,18,-99,4.0152,3.828,2.7707,1175.64,14366.7,6.87
01/01/2003,6.5,0.5,-420,2.685395107,-4.129554656,5.827253625,2.5,1.1,20.6,4.1,4.1095,3.821,2.802,1115.87,13844.8,6.47
01/02/2003,6.25,0.5,-643,2.119553797,-3.853173798,7.263546915,3.9,0.9,20.7,4.2,4.2184,3.9107,2.8915,1099.69,13775.5,6.27
01/03/2003,6,0.6,-747,0.682890875,-3.980503656,8.797108075,3.6,0.9,20.6,-1.7,4.4732,4.1005,3.0289,1093.5,13759.4,5.98
01/04/2003,5.75,0.3,-402,4.232298053,-3.688608111,10.98698857,2.7,0.7,20.3,11,4.2559,3.8115,2.8102,1111.45,14259.8,5.69
01/05/2003,5.5,0.4,-528,-0.019070174,-3.533496732,13.36954402,2,0.7,19.8,9.7,4.3745,3.7144,2.8562,1192.46,15304.4,5.4
01/06/2003,5.25,0.8,-345,3.089088506,-3.593303389,9.576642638,2,0.6,19.7,8.1,4.4809,3.8988,2.8818,1252.03,15987.5,5.32
01/07/2003,5.25,0.8,-415,2.350910918,-3.2,12.00642699,1.9,0.5,19.6,5.4,4.3443,3.8664,2.8113,1387.1,18004.3,5.24
01/08/2003,5.25,0.7,-253,1.88039348,-3.240360952,7.392342382,1.8,0.5,19.5,5.5,4.3602,3.97,2.8348,1637.53,21336.3,5.14
01/09/2003,5.25,0.9,-123,2.223795788,-3.145559211,12.65536407,2.1,0.5,19.4,9.7,4.6039,3.9468,2.9948,1477.25,19330.5,5.24
01/10/2003,5.25,1.3,32,2.994287128,-3.18275154,14.69683048,2.7,0.8,19.3,10.3,4.6771,4.025,3.0138,1582.01,20663.7,5.86
01/11/2003,5.25,1.6,-225,4.102498453,-3.311394488,12.86082706,3.7,0.9,19.5,11.4,4.6758,3.902,3.0184,1448.88,19231.5,5.83
01/12/2003,5.25,1.7,-797,5.125552339,-3.471791692,17.2361563,3.7,1,20,17.3,4.7368,3.7253,3.0378,1574.04,20820.1,5.6
01/01/2004,5.25,1.6,-664,3.525913528,-1.414695946,18.43641598,4.1,0.8,20.6,7.6,4.7989,3.8589,3.0633,1631.99,21947.2,5.46
01/02/2004,5.25,1.572,-781,6.34432844,-1.476481755,22.44046444,4.2,0.7,20.6,12.1,4.8888,3.9283,3.0977,1730.1,23317.9,5.5
01/03/2004,5.25,1.665,-1382,7.04322248,-1.290186125,28.68159956,4.9,0.7,20.4,20.7,4.7533,3.8645,3.0513,1762.37,23870.1,5.49
01/04/2004,5.25,2.234,-1772,4.585293966,-1.079136691,30.00201067,7.6,0.8,19.9,30.6,4.8104,4.015,3.0955,1757,24304.4,5.85
01/05/2004,5.25,3.373,-878,4.398509581,-0.889265297,22.19464947,9.6,1.7,19.5,4,4.6478,3.8159,3.0415,1690.71,23607.7,6
01/06/2004,5.25,4.405,-774,4.520208605,-0.720033884,25.48654763,9.1,1.9,19.4,8.6,4.4973,3.6945,2.9497,1726.83,23949.3,6.05
01/07/2004,6,4.612,-1235,3.645777753,-0.720033884,15.10790238,8.6,2.2,19.3,10.9,4.375,3.633,2.8432,1675.06,23632.3,6.41
01/08/2004,6.5,4.615,-587,5.123132963,-0.784230606,23.29541846,8.5,2.2,19.1,9.6,4.4463,3.6526,2.8856,1725.18,24239.2,7
01/09/2004,6.5,4.412,-872,3.675136309,-0.551899809,17.58075903,7.9,2.3,18.9,8.8,4.358,3.5091,2.8149,1807.15,25267.8,6.91
01/10/2004,6.5,4.469,-790,2.370575012,-0.360551432,10.72747989,7.6,2.4,18.7,4,4.3138,3.3842,2.8253,1819.31,25419.3,6.84
01/11/2004,6.5,4.479,-498,2.680778328,-0.255264837,17.74328709,6.7,2.4,18.7,4.4,4.1838,3.1521,2.7674,1840.74,25424.7,6.77
01/12/2004,6.5,4.372,-924,3.226642526,0.171269535,11.67929163,5.2,2.4,19,2.8,4.0736,2.9994,2.6389,1960.57,26636.2,6.64
01/01/2005,6.5,3.741,-461,2.560481544,1.391775541,8.50525327,4.5,2.1,19.4,3.2,4.0566,3.1106,2.6179,1887.41,25993,6.61
01/02/2005,6.5,3.571,-537,1.427789917,1.5229073,4.930265895,3.2,2.1,19.4,-1.6,3.8971,2.9384,2.5349,2092.33,28294.5,6.31
01/03/2005,6,3.378,-406,2.190034251,1.557895865,-2.04176842,2.2,2.1,19.2,-3.8,4.0779,3.1445,2.6329,1998.33,27268.1,5.91
01/04/2005,5.5,3.011,-205,1.814595221,1.625048128,-1.064636984,0.9,2.1,18.7,-17.4,4.2759,3.3087,2.783,1858.99,25813.6,5.59
01/05/2005,5.5,2.475,-879,2.979570518,1.548088015,-0.392277117,-0.5,1.2,18.2,5.5,4.1512,3.3612,2.7013,1917.09,26744.4,5.44
01/06/2005,5,1.408,-145,4.474511712,1.684918942,5.706699685,0,1.1,18,8.8,4.0434,3.3431,2.6069,2047.3,28332.1,4.9
01/07/2005,4.75,1.269,-604,3.225799667,1.728668942,1.156466691,0,1,17.9,3.2,4.0624,3.3531,2.6023,2202.53,30448.3,4.67
01/08/2005,4.75,1.622,-553,2.793451432,1.971288186,3.488469714,-0.2,0.9,17.7,5.6,4.0215,3.2707,2.5987,2271.85,31364.3,4.61
01/09/2005,4.5,1.805,-633,1.812896105,2.133489861,4.057204434,-0.5,0.8,17.6,2.9,3.9131,3.2369,2.5182,2518.73,33801.2,4.5
01/10/2005,4.5,1.574,-689,6.38525566,2.058386547,5.474592909,-0.9,0.7,17.3,5.7,3.9648,3.3074,2.5637,2339.28,32024.4,4.62
01/11/2005,4.5,1.006,-660,6.962582309,2.38417573,7.164784514,-0.4,0.5,17.3,6.4,3.9044,3.3133,2.5202,2525.39,33926.1,4.63
01/12/2005,4.5,0.65,-653,1.490865469,2.471895704,8.381045015,0.2,0.5,17.6,6.2,3.839,3.2447,2.4673,2654.95,35600.8,4.6
01/01/2006,4.5,0.565,-423,3.6,2.6,10.4,-0.2,-0.1,18,8.6,3.819,3.1457,2.457,2804.92,37854.9,4.4
01/02/2006,4.25,0.674,-1077,4.8,2.4,10,0.2,-0.1,18,9.9,3.78,3.1699,2.4176,2836.51,38854.4,4.16
01/03/2006,4,0.414,-872,5.4,2.7,16.4,0.5,-0.2,17.8,10.1,3.9186,3.2352,2.4806,2864.83,40220.3,4.17
01/04/2006,4,0.721,-799,4,2.8,6.1,1.2,-0.3,17.2,13.3,3.8742,3.0703,2.4723,3193.27,43998.6,4.13
01/05/2006,4,0.908,-777,5.2,3,19.1,1.8,-0.3,16.5,13.4,3.9356,3.0666,2.5221,2812.26,39632.2,4.15
01/06/2006,4,0.789,-786,4.5,3.1,12.3,2.7,-0.3,15.9,10.5,4.0764,3.1906,2.6041,2889.67,40644.6,4.21
01/07/2006,4,1.11,-914,5.6,3.3,14.9,3.3,0.1,15.7,10.8,3.9429,3.0912,2.5093,3191.25,45894.9,4.18
01/08/2006,4,1.602,-1033,5.3,3.5,12.7,3,0.2,15.5,10.9,3.9419,3.0798,2.498,2961.4,43363.3,4.19
01/09/2006,4,1.558,-229,5.1,3.5,11.4,3.4,0.2,15.2,14.4,3.9711,3.1276,2.5025,2918.83,44052.5,4.22
01/10/2006,4,1.217,-1434,4.7,3.6,14,2.9,0.2,14.9,13.9,3.8693,3.0285,2.4388,3106.86,47358.1,4.21
01/11/2006,4,1.421,-1265,3,3.8,11.2,2.2,0.6,14.8,14.1,3.816,2.8761,2.4036,3217.41,50230.3,4.2
01/12/2006,4,1.383,-1394,8.5,4.1,6.5,2.4,0.7,14.8,13.7,3.8297,2.9018,2.3801,3285.49,50411.8,4.2
01/01/2007,4,1.591,-1392,7.8,3.8,14.1,3,0.7,15.1,16.3,3.912,3.0079,2.4146,3483.04,54558.1,4.19
01/02/2007,4,1.877,-1265,6.4,4.3,12.1,3.4,0.8,14.8,16.9,3.9231,2.969,2.432,3241.99,51900.4,4.22
01/03/2007,4,2.453,-1371,9.1,4.5,10.9,3.1,1,14.3,17.7,3.8601,2.8854,2.3797,3520.24,57524.6,4.24
01/04/2007,4.25,2.34,-1265,8.4,4.4,12.5,1.9,1.1,13.6,13.6,3.7888,2.7719,2.3007,3590.3,59805.5,4.4
01/05/2007,4.25,2.314,-2083,8.9,4.4,8.2,1.9,1.4,12.9,13.3,3.816,2.8357,2.3156,3649.1,63566.1,4.44
01/06/2007,4.5,2.587,-2154,9.3,4.6,5.7,1.3,1.5,12.3,14.2,3.7628,2.7852,2.274,3759.28,66077.7,4.71
01/07/2007,4.5,2.279,-1937,9.3,4.7,10.6,0.8,1.1,12.1,15,3.7884,2.7667,2.3,3735.25,63670.5,4.81
01/08/2007,4.75,1.52,-1189,10.5,4.8,8.4,1.4,0.8,11.9,16.1,3.8259,2.8059,2.3247,3601.55,60649.9,5.03
01/09/2007,4.75,2.272,-1263,9.5,4.7,5.4,1.5,0.9,11.6,12.1,3.7705,2.6495,2.2707,3633.64,60368.9,5.1
01/10/2007,4.75,2.977,-1965,11,5,10.9,1.6,1,11.3,16.3,3.6279,2.508,2.1651,3877.62,63126.5,5.21
01/11/2007,5,3.566,-1347,12,5,8.5,2.2,1.1,11.2,15,3.6119,2.4568,2.1807,3545.73,56680.3,5.56
01/12/2007,5,3.957,-2710,7.2,4.9,5.8,1.9,1.3,11.2,8,3.5994,2.4465,2.1673,3456.05,55648.5,5.7
01/01/2008,5.25,3.978,-1488,11.7,5.8,10.5,2.5,1.6,11.5,16.1,3.605,2.4312,2.2428,2952.09,47747.8,5.65
01/02/2008,5.5,4.187,-1543,13.2,5.8,14.7,2.8,1.8,11.3,20.4,3.5125,2.3123,2.2163,2927.9,47522,5.94
01/03/2008,5.75,4.11,-2277,10.5,5.7,0.7,2.5,2,10.9,11.9,3.5164,2.2266,2.2443,2981.07,48011.3,6.15
01/04/2008,5.75,3.988,-1932,12.9,5.5,14.4,1.9,2.1,10.3,14.6,3.4526,2.2152,2.1288,2922.59,46691.8,6.34
01/05/2008,5.75,4.365,-2198,10.8,5.3,1.4,2.4,2.1,9.8,11.3,3.37,2.1686,2.077,2905.28,46624.4,6.48
01/06/2008,6,4.637,-2360,12.3,4.7,6.5,2.2,2.2,9.4,10.1,3.3506,2.1293,2.0863,2591.09,41146.3,6.65
01/07/2008,6,4.773,-1512,11.8,4.6,4.8,1.7,2.2,9.2,10.4,3.2112,2.0603,1.9654,2752.49,42405.8,6.56
01/08/2008,6,4.834,-1881,9.9,4.1,-4.4,1.4,2.7,9.1,4.4,3.3307,2.2742,2.0613,2597.02,40481.8,6.5
01/09/2008,6,4.459,-2697,11.2,4,5.5,2,2.9,8.9,9.1,3.3958,2.4161,2.1517,2384.22,37367.3,6.63
01/10/2008,6,4.224,-2314,10.1,3.5,-2,2.4,2.9,8.8,6.3,3.5063,2.7542,2.3747,1825.84,28397.1,6.85
01/11/2008,5.75,3.738,-1884,7.6,3,-10.6,2.2,2.9,9.1,1.5,3.7776,2.9718,2.4492,1742.08,27130.1,6.56
01/12/2008,5,3.33,-2293,5.6,2.2,-5.6,2.7,2.8,9.5,6.2,4.0992,2.9383,2.7504,1789.73,27228.6,5.88
01/01/2009,4.25,2.819,-1400,8.1,0.7,-15.3,3.6,2.2,10.4,3.8,4.4478,3.4706,2.9888,1594.92,24685.4,4.86
01/02/2009,4,3.307,127,5.1,-0.2,-14.6,5.7,2.4,10.9,-0.1,4.655,3.6588,3.1414,1372.47,21690.8,4.51
01/03/2009,3.75,3.636,-733,5.7,-0.9,-1.9,5.5,2.5,11.1,0.7,4.6499,3.5139,3.0751,1511.85,24036.1,4.17
01/04/2009,3.75,3.966,-971,4.8,-1.4,-12.2,4.8,2.6,10.9,1.2,4.4201,3.3455,2.9282,1798.51,29018.6,4.3
01/05/2009,3.75,3.643,-966,3.8,-1.7,-5.2,3.7,2.8,10.7,0.7,4.5083,3.1928,2.9878,1802.37,29322.7,4.62
01/06/2009,3.5,3.549,-912,2,-1.9,-4.5,4.1,2.7,10.6,0.4,4.4544,3.172,2.923,1862.36,30419,4.44
01/07/2009,3.5,3.576,-1389,3.9,-2.2,-4.4,2.8,2.9,10.7,3.6,4.1417,2.9079,2.72,2137.56,35261.9,4.17
01/08/2009,3.5,3.66,-719,3,-2.2,0.1,2.2,2.9,10.8,3.1,4.0903,2.8526,2.6967,2212.72,37954.8,4.18
01/09/2009,3.5,3.385,-963,3.3,-2.4,-1.3,1.6,2.9,10.9,0.7,4.2026,2.8691,2.7694,2192.37,37580.3,4.18
01/10/2009,3.5,3.134,-1347,2,-2.4,-1.3,2,2.9,11.1,0.7,4.2534,2.8859,2.818,2274.72,38427.6,4.18
01/11/2009,3.5,3.345,-1720,2.3,-2.2,9.9,1.9,2.8,11.4,3.9,4.162,2.779,2.7622,2352.71,39581.5,4.19
01/12/2009,3.5,3.496,-1707,6.5,-1.8,7.4,2.1,2.6,12.1,4.1,4.1001,2.8602,2.7648,2388.72,39986,4.27
01/01/2010,3.5,3.544,-1362,0.5,-1.4,8.5,0.2,2.4,12.9,-1.2,4.0357,2.9069,2.7408,2382.64,40058.3,4.19
01/02/2010,3.5,2.923,-222,2.9,-1.1,9.2,-2.4,2.2,13.2,-2.8,3.9467,2.9008,2.6982,2265.01,38708.6,4.15
01/03/2010,3.5,2.566,-1831,4.8,-0.6,12.5,-2.6,2,13,5.9,3.8555,2.8492,2.7107,2495.6,42446.5,4.1
01/04/2010,3.5,2.354,-734,3.2,0,9.7,-0.4,1.9,12.4,-4,3.9218,2.9547,2.7376,2547.52,43295.2,3.86
01/05/2010,3.5,2.201,-649,4.8,0.5,13.5,1.9,1.6,12.1,2,4.0704,3.3121,2.8646,2433.81,41530.1,3.86
01/06/2010,3.5,2.297,-1614,3.5,1.1,14.3,2.1,1.5,11.7,4.5,4.13,3.3697,3.1273,2271.03,39392.5,3.87
01/07/2010,3.5,2.033,-2266,2.1,1.4,10.5,3.8,1.2,11.5,2.4,4.0022,3.0673,2.9482,2474.67,42464.7,3.82
01/08/2010,3.5,1.985,-1746,4.2,1.6,13.6,4,1.2,11.4,5.1,3.9916,3.1458,3.0947,2431.11,42215.66,3.81
01/09/2010,3.5,2.547,-2129,3.7,1.8,11.8,4.3,1.2,11.5,6.4,3.9679,2.9136,2.9707,2615.22,45236.72,3.84
01/10/2010,3.5,2.845,-1648,3.9,2.1,8,3.9,1.2,11.5,6.4,3.9602,2.8462,2.8946,2651.27,46229.6,3.85
01/11/2010,3.5,2.673,-2884,3.6,2.2,10,4.7,1.2,11.7,6.1,4.0205,3.0841,3.08,2611.6,45361.07,3.88
01/12/2010,3.5,3.146,-2368,5.4,2.4,11.4,6.2,1.6,12.4,9.1,3.9518,2.9579,3.1655,2744.17,47489.91,3.95
01/01/2011,3.75,3.61,-1549,5,3.8,9.7,6.2,1.6,13.1,2.3,3.9287,2.8677,3.0483,2704.86,47156.76,4.09
01/02/2011,3.75,3.589,-633,4.1,4.1,10.5,7.5,1.7,13.4,8.6,3.9578,2.8692,3.0869,2717.81,47540.91,4.15
01/03/2011,3.75,4.298,-1357,4,4.1,6.2,9.5,2,13.3,5.1,4.0288,2.8386,3.0999,2816.96,48729.83,4.19
01/04/2011,4,4.513,-697,5.9,3.9,6.5,8.8,2.1,12.8,13.6,3.9333,2.6528,3.0632,2913.13,50008.98,4.3
01/05/2011,4.25,4.966,-539,4.1,3.6,7.9,6.3,2.4,12.4,8.5,3.9509,2.7491,3.2219,2903.61,50025.61,4.45
01/06/2011,4.5,4.243,-3510,5.8,3.6,2.5,5.6,2.4,11.9,6.4,3.9804,2.742,3.2576,2802.01,48414.36,4.69
01/07/2011,4.5,4.059,-2563,5.2,3.3,1.7,5.9,2.4,11.8,4.2,4.0011,2.7824,3.5316,2726.31,47152.63,4.71
01/08/2011,4.5,4.284,-1449,5.4,3.1,7.7,6.8,2.7,11.8,6.9,4.1277,2.8646,3.5628,2450.95,42222.38,4.72
01/09/2011,4.5,3.912,-1550,5.2,2.8,7,8.4,2.6,11.8,7.7,4.4151,3.2852,3.6322,2188.73,38268.75,4.76
01/10/2011,4.5,4.323,-2050,5.1,2.5,6.3,8.5,2.8,11.8,6.8,4.3688,3.1321,3.5925,2371.57,41160.66,4.91
01/11/2011,4.5,4.78,-1456,4.4,2.5,8,9.1,3,12.1,7.4,4.4997,3.346,3.6713,2288.07,39502.02,4.97
01/12/2011,4.5,4.631,-2308,4.4,2.3,7.7,8.2,3.1,12.5,4.2,4.4647,3.4443,3.671,2144.48,37595.44,4.99
01/01/2012,4.5,4.096,-2100,8.1,0.9,8.5,7.9,2.5,13.2,9.9,4.2315,3.2382,3.5144,2332.17,40927.75,4.99
01/02/2012,4.5,4.326,-1406,4.3,0.5,4.6,6,2.6,13.4,8.9,4.1199,3.0842,3.4184,2317.11,41560.55,4.96
01/03/2012,4.5,3.916,-1250,3.8,0.5,0.9,4.4,2.4,13.3,6.9,4.1405,3.104,3.4394,2286.53,41267.16,4.94
01/04/2012,4.5,4.037,-361,3.4,0.3,2.6,4.4,2.7,12.9,1.8,4.1731,3.1549,3.4738,2240.57,40273.65,4.95
01/05/2012,4.75,3.643,-422,3.8,0.3,4.2,5.2,2.3,12.6,4.3,4.3885,3.5494,3.6543,2096.35,37793.58,5.11
01/06/2012,4.75,4.3,-1614,4.3,0.1,1,4.4,2.3,12.3,2.6,4.2218,3.3345,3.5159,2275.3,40810.88,5.13
01/07/2012,4.75,4,-2119,2.4,0,5.2,3.6,2.3,12.3,3.4,4.1149,3.3433,3.4268,2185.67,40163.91,5.11
01/08/2012,4.75,3.8,-732,2.7,0,0.2,3,2.1,12.4,2.3,4.1663,3.3147,3.4705,2258.29,41573.57,4.99
01/09/2012,4.75,3.8,-932,1.6,0,-4.8,1.8,1.9,12.4,-0.4,4.1121,3.1938,3.4028,2371.42,43739.81,4.92
01/10/2012,4.75,3.4,-593,2.8,0,4.7,1,1.9,12.5,0.5,4.1333,3.1876,3.4251,2317.56,43232.44,4.73
01/11/2012,4.5,2.8,-1256,2.7,-0.3,-0.5,-0.1,1.7,12.9,0.7,4.101,3.1543,3.4043,2421.54,45014.74,4.49
01/12/2012,4.25,2.4,-1597,2.4,-0.5,-9.6,-1.1,1.4,13.4,-3.6,4.0829,3.0935,3.3827,2582.98,47460.59,4.11
01/01/2013,4,1.7,-1105,0.4,-0.8,0.4,-1.2,1.4,14.2,2.4,4.1938,3.0876,3.398,2492.76,46840.15,3.95
01/02/2013,3.75,1.3,-845,4,-0.8,-2.1,-0.3,1.1,14.4,-1.3,4.147,3.1696,3.3954,2452.01,46280.36,3.73
01/03/2013,3.25,1,-63,1.6,-0.9,-2.9,-0.7,1,14.3,0,4.1745,3.2566,3.4326,2370.07,45147.57,3.39
01/04/2013,3.25,0.8,560,3,-1,2.8,-2.1,1.1,14,0.1,4.1573,3.1593,3.3954,2319.15,44162.18,3.08
01/05/2013,3,0.5,803,2.3,-0.9,-1.8,-2.5,1,13.6,1.2,4.2723,3.2935,3.4343,2485.5,47806.34,2.74
01/06/2013,2.75,0.2,-1089,1.4,-0.8,2.8,-1.3,0.9,13.2,2.6,4.328,3.3291,3.5181,2245.64,44747.79,2.73
01/07/2013,2.5,1.1,-1272,3.5,-0.7,6.3,-0.8,1.4,13.1,4.3,4.252,3.2018,3.4498,2326.59,46925.65,2.7
01/08/2013,2.5,1.1,383,2,-0.5,2.2,-1.1,1.4,13,3.5,4.2658,3.2311,3.4704,2384.22,48871.98,2.7
01/09/2013,2.5,1,11,3.6,-0.3,6.3,-1.4,1.3,13,4.1,4.2173,3.119,3.4469,2391.53,50301.85,2.67
01/10/2013,2.5,0.8,-527,3.1,-0.2,4.6,-1.4,1.4,13,3.7,4.1786,3.0753,3.3908,2528.97,53607.86,2.66
13/11/2013,2.5,0.6,-873,3.1,0.1,2.9,-1.5,1.1,13.2,4.2,4.2016,3.0931,3.4121,2584.68,54704.89,2.65
12/12/2013,2.5,0.7,-946,2.7,0.3,6.7,-1,1,13.4,5.9,4.1521,3.018,3.3836,2400.98,51284.25,2.71
13/01/2014,2.5,0.5,-1498,3.4,0,4.2,-1,0.4,13.9,4.8,4.2474,3.1495,3.4736,2355.89,50831.61,2.71
14/02/2014,2.5,0.7,-954,4,0.2,5.3,-1.4,0.9,13.9,7,4.1549,3.0102,3.4232,2518.53,53811.3,2.71
15/03/2014,2.5,0.7,-60,4.8,0.5,5.5,-1.3,1.1,13.5,3.3,4.1597,3.02,3.4163,2462.47,52373.47,2.71
16/04/2014,2.5,0.3,1,3.8,0.7,5.5,-0.7,0.8,13,8.9,4.198,3.0276,3.4405,2439.09,51892.77,2.72
17/05/2014,2.5,0.2,-142,4.8,0.7,4.4,-1,0.8,12.5,4.3,4.1329,3.0321,3.3864,2429.51,52066.97,2.72
14/06/2014,2.5,0.3,-2377,3.5,0.7,1.8,-1.8,1,12,1.8,4.1526,3.0328,3.4207,2408.81,51934.94,2.68
15/07/2014,2.5,-0.2,-1161,3.5,0.8,2.4,-2.1,0.4,11.8,3.1,4.1734,3.1173,3.4305,2320.85,50037.12,2.67
15/08/2014,2.5,-0.3,-980,3.5,0.7,-1.9,-1.5,0.5,11.7,2.8,4.2055,3.2009,3.4868,2416.97,51868.77,2.59
15/09/2014,2.5,-0.3,-146,3.4,0.8,4.2,-1.6,0.7,11.5,3,4.1752,3.3059,3.4616,2500.29,54878.58,2.28
16/10/2014,2,-0.6,-276,3.8,0.8,1.7,-1.3,0.2,11.3,3.7,4.226,3.3746,3.5061,2463.68,53949.58,1.96
16/11/2014,2,-0.6,135,2.7,0.9,0.3,-1.6,0.4,11.4,1.4,4.181,3.3602,3.4792,2416.93,53247.07,2.06
17/12/2014,2,-1,-1063,3.7,1.1,8.1,-2.7,0.5,11.4,4,4.2849,3.5412,3.5621,2315.94,51416.08,2.06
17/01/2015,2,-1.4,-410,3.6,1.2,1.6,-2.8,0.6,11.9,3.6,4.1834,3.7028,4.0356,2341,52102.39,2
17/02/2015,2,-1.6,-53,3.2,1.2,5,-2.8,0.4,11.9,2.4,4.1457,3.7052,3.8863,2367.1,53304.21,1.81
20/03/2015,1.5,-1.5,805,4.9,1.1,8.8,-2.5,0.2,11.5,6.6,4.07459,3.79365,3.90213,2395.94,54091.32,1.65
20/04/2015,1.5,-1.1,1539,3.7,1.1,2.4,-2.7,0.4,11.1,1.5,4.0415,3.6039,3.8615,2514.63,56477.69,1.65
20/05/2015,1.5,-0.9,1064,3.2,1.1,2.8,-2.1,0.4,10.7,4.7,4.1106,3.7438,3.982,2437.81,55531.79,1.68
20/06/2015,1.5,-0.8,-1793,2.5,0.9,7.4,-1.4,0.2,10.2,6.6,4.19166,3.76151,4.02356,2317.84,53328.98,1.72
20/07/2015,1.5,-0.7,-1299,3.3,0.9,3.8,-1.8,0.4,10,3.5,4.1426,3.7728,3.9053,2227.51,52750.94,1.72
20/08/2015,1.5,-0.6,-682,3.4,1,5.3,-2.7,0.4,9.9,2,4.2303,3.7738,3.9032,2163.71,51280.38,1.72
20/09/2015,1.5,-0.8,-572,4.1,1,4,-2.8,0.2,9.7,2.9,4.24658,3.80065,3.90178,2066.37,49824.59,1.73
20/10/2015,1.5,-0.7,-157,3.3,1.1,2.4,-2.3,0.3,9.6,3.6,4.24994,3.8626,3.91078,2060.03,50271.65,1.73
20/11/2015,1.5,-0.6,31,4,1.2,7.8,-1.8,0.2,9.6,5.7,4.26882,4.03783,3.92594,1925.72,47915.91,1.73
20/12/2015,1.5,-0.5,-779,3.1,1.4,6.7,-0.8,0.2,9.7,7,4.26333,3.92555,3.91791,1859.15,46467.38,1.72
20/01/2016,1.5,-0.9,551,4,2.3,1.2,-1.2,-0.1,10.2,3.2,4.41985,4.07996,3.98317,1780.25,44290.05,1.7
20/02/2016,1.5,-0.8,-465,3.9,2.5,6.6,-1.5,-0.1,10.2,6.2,4.35099,3.99756,4.00569,1824.08,45430.29,1.68
20/03/2016,1.5,-0.9,-510,3.3,2.7,0.7,-1.9,-0.2,9.9,3,4.243,3.72815,3.87654,1997.69,49017.35,1.67
20/04/2016,1.5,-1.1,474,4.6,2.8,5.9,-1.2,-0.4,9.4,5.5,4.3732,3.8206,3.98187,1896.64,47641.99,1.67
20/05/2016,1.5,-0.9,279,4.1,2.8,3.3,-0.4,-0.4,9.1,4.3,4.38625,3.94105,3.96552,1808.24,45844.15,1.68
20/06/2016,1.5,-0.8,1007,5.3,3.1,6,-0.8,-0.2,8.7,6.5,4.37276,3.93833,4.03356,1750.69,44748.53,1.71
20/07/2016,1.5,-0.9,-1140,4.8,3.2,-3.4,-0.5,-0.4,8.5,4.4,4.35588,3.89642,4.02016,1759.74,46171.72,1.71
20/08/2016,1.5,-0.8,-943,4.7,3.1,7.5,-0.1,-0.4,8.4,7.8,4.36284,3.91011,3.97539,1793.56,47935.1,1.71
20/09/2016,1.5,-0.5,-1014,3.9,3.2,3.1,0.2,-0.4,8.3,6.3,4.29529,3.82375,3.93621,1709.51,47084.94,1.71
20/10/2016,1.5,-0.2,-214,3.6,3.1,-1.2,0.6,-0.2,8.2,4.6,4.30713,3.92543,3.96749,1814.66,49158.8,1.72
20/11/2016,1.5,0,-79,4,3.1,3,1.8,-0.1,8.2,7.4,4.4554,4.20465,4.13489,1798.22,48618.64,1.73
20/12/2016,1.5,0.8,-190,2.7,3.1,2.2,3.2,0,8.2,6.1,4.40511,4.18547,4.11005,1947.92,51754.03,1.73
20/01/2017,1.5,1.8,2581,4.3,4.5,9.3,4,0.2,8.5,9.5,4.32136,4.00257,4.04472,2056.83,55232.32,1.73
20/02/2017,1.5,2.2,-226,4,4.6,1.2,4.5,0.3,8.4,5.2,4.30565,4.0722,4.04715,2191.25,58300.37,1.73
20/03/2017,1.5,2,97,5.2,4.5,11,4.8,0.6,8,7.9,4.23042,3.96555,3.9591,2175.96,57911.31,1.73
20/04/2017,1.5,2,449,4.1,4.6,-0.4,4.2,0.9,7.6,6.7,4.22525,3.8792,3.89854,2376.87,61644.56,1.73
20/05/2017,1.5,1.9,-58,5.4,4.5,9.2,2.4,0.8,7.3,7.4,4.1819,3.71934,3.84356,2281.18,60092.07,1.73
20/06/2017,1.5,1.5,-972,6,4.3,4.4,1.8,0.8,7,5.8,4.23179,3.7054,3.86382,2299.8,61018.36,1.73
20/07/2017,1.5,1.7,-464,4.9,4.5,6.2,2.2,0.8,7,6.8,4.25472,3.59473,3.71787,2374.17,62595.76,1.73
20/08/2017,1.5,1.8,257,6.6,4.6,8.8,3,0.7,7,6.9,4.24787,3.5632,3.71879,2516.26,64973.76,1.73
20/09/2017,1.5,2.2,8,6,4.5,4.4,3.2,1,6.8,7.5,4.3131,3.64897,3.76866,2453.46,64289.69,1.73
20/10/2017,1.5,2.1,-54,7.4,4.4,12.3,3,0.8,6.6,7.1,4.23899,3.63866,3.64888,2524.9,64866.57,1.73
20/11/2017,1.5,2.5,109,6.5,4.5,9.2,1.8,0.9,6.5,8.8,4.2026,3.5347,3.59058,2408.69,62440.31,1.73
20/12/2017,1.5,2.1,-1489,7.3,4.6,2.8,0.3,0.9,6.6,5.2,4.17669,3.48035,3.5723,2461.21,63746.2,1.72
20/01/2018,1.5,1.9,2137,7.3,3.8,8.7,0.2,1,6.8,7.7,4.15255,3.3455,3.59071,2553.81,66048.17,1.72
20/02/2018,1.5,1.4,-815,6.8,3.7,7.3,-0.1,0.8,6.8,7.7,4.17609,3.42485,3.62587,2364.32,61703.18,1.72
20/03/2018,1.5,1.3,-1220,6.7,3.7,1.6,0.5,0.7,6.6,8.8,4.21367,3.42045,3.58541,2210.38,58377.42,1.7
20/04/2018,1.5,1.6,-70,7.8,3.7,9.3,1,0.6,6.3,4,4.23874,3.50917,3.54179,2291.87,59932.46,1.7
20/05/2018,1.5,1.7,-68,7,3.7,5.2,3,0.5,6.1,6.1,4.31629,3.69246,3.74533,2157.07,57282.73,1.7
20/06/2018,1.5,2,-238,7.5,3.7,6.7,3.7,0.6,5.8,8.2,4.37375,3.74564,3.78336,2135.47,55954.44,1.7
20/07/2018,1.5,2,"-1,047",7.2,3.5,10.3,3.4,0.6,5.8,7.1,4.27644,3.65888,3.69528,2302.13,59964.47,1.7
20/08/2018,1.5,2,"-1,059",6.8,3.4,5,3,0.9,5.8,6.7,4.30319,3.70651,3.82465,2337.96,60201.08,1.71
20/09/2018,1.5,1.9,-794,6.7,3.2,2.7,3,0.8,5.7,3.6,4.28036,3.6865,3.75629,2285.11,58974.76,1.72
20/10/2018,1.5,1.7,-447,7.6,3.2,7.4,3.2,0.9,5.7,7.8,4.34251,3.83704,3.80585,2151.88,55312.71,1.72
20/11/2018,1.5,1.3,113,7.7,3,4.6,2.8,0.7,5.7,6.9,4.29225,3.79117,3.79523,2291.08,58203.39,1.72
20/12/2018,1.5,1.1,"-1,528",6.1,2.8,2.9,2.1,0.6,5.8,3.9,4.28995,3.74105,3.80997,2276.63,57690.5,1.72
20/01/2019,1.5,0.7,"2,529",7.5,2.9,6,2.2,0.8,6.1,6.1,4.26184,3.72365,3.7442,2380.11,60367.42,1.72
20/02/2019,1.5,1.2,-630,7.6,2.9,6.9,2.9,1,6.1,5.6,4.30378,3.785,3.79384,2332.23,59903.7,1.72
20/03/2019,1.5,1.7,217,5.7,3,5.6,2.5,1.4,5.9,1.8,4.30473,3.83745,3.85596,2312.09,59668.03,1.72
20/04/2019,1.5,2.2,542,7.1,2.9,9.2,2.6,1.7,5.6,11.9,4.28569,3.82155,3.74989,2334.21,60145.5,1.72
20/05/2019,1.5,2.4,430,7.7,2.7,7.7,1.4,1.7,5.4,5.6,4.28159,3.83271,3.82804,2239.31,57909.95,1.72
20/06/2019,1.5,2.6,-114,5.3,2.8,-2.6,0.5,1.9,5.3,3.7,4.24548,3.7336,3.82439,2327.67,60187.43,1.72
20/07/2019,1.5,2.9,-915,7.4,2.7,5.8,0.5,2.2,5.2,5.7,4.29007,3.87505,3.89856,2277.37,59670.6,1.72
20/08/2019,1.5,2.9,-246,6.8,2.6,-1.5,0.9,2.2,5.2,4.4,4.37451,3.98041,4.02171,2135.25,56739.53,1.72
20/09/2019,1.5,2.6,962,6.6,2.6,5.6,0.8,2.4,5.1,4.3,4.37094,4.01056,4.0188,2173.29,57320.3,1.72
20/10/2019,1.5,2.5,529,5.9,2.5,3.7,-0.3,2.4,5,4.6,4.26263,3.82239,3.87352,2194.1,57783.02,1.71
20/11/2019,1.5,2.6,-999,5.3,2.6,1.4,-0.1,2.6,5.1,5.2,4.31466,3.9162,3.9164,2158.94,57502.14,1.71
20/12/2019,1.5,-999,-999,-999,-999,-999,-999,-999,-999,-999,4.25405,3.7938,3.92067,2150.09,57832.88,1.71
,,,,,,,,,,,,,,,,1.71
